{"week":{"prior":0.0,"unseen":-1.0986122886681098,"likelihoods":{"":0.0}},"integer (numeric)":{"prior":-0.4302451371066514,"unseen":-4.553876891600541,"likelihoods":{"":0.0}},"SalÅ":{"prior":0.0,"unseen":-2.639057329615259,"likelihoods":{"":0.0}},"lunch":{"prior":0.0,"unseen":-1.0986122886681098,"likelihoods":{"":0.0}},"Ramazan BayramÅ":{"prior":0.0,"unseen":-2.3025850929940455,"likelihoods":{"":0.0}},"<time> <part-of-day>":{"prior":-0.10536051565782628,"unseen":-3.4011973816621555,"likelihoods":{"dayhour":-1.0647107369924282,"tomorrowevening":-2.6741486494265287,"<day-of-month> (non ordinal) <named-month>part of days":-2.6741486494265287,"Pazartesipart of days":-2.6741486494265287,"Cumartesipart of days":-2.6741486494265287,"tomorrowlunch":-2.6741486494265287,"tomorrowpart of days":-2.268683541318364,"yesterdayevening":-2.6741486494265287,"yesterdaypart of days":-2.6741486494265287}},"today":{"prior":0.0,"unseen":-1.0986122886681098,"likelihoods":{"":0.0}},"at <time-of-day>":{"prior":-0.40546510810816444,"unseen":-4.060443010546419,"likelihoods":{"time-of-day (latent)":-1.4039939382192916,"hh:mm":-1.55814461804655,"about|exactly <time-of-day>":-2.9444389791664407,"hour":-1.4039939382192916,"minute":-1.4039939382192916}},"the ides of <named-month>":{"prior":0.0,"unseen":-2.0794415416798357,"likelihoods":{"Mart":-1.252762968495368,"month":-0.8472978603872037,"èubat":-1.252762968495368}},"gªn (grain)":{"prior":-0.3101549283038396,"unseen":-2.5649493574615367,"likelihoods":{"":0.0}},"Ekim":{"prior":0.0,"unseen":-1.791759469228055,"likelihoods":{"":0.0}},"yaz":{"prior":0.0,"unseen":-1.0986122886681098,"likelihoods":{"":0.0}},"<integer> + '\"":{"prior":-1e+100,"unseen":-0.6931471805599453,"likelihoods":{}},"Cuma":{"prior":0.0,"unseen":-2.3978952727983707,"likelihoods":{"":0.0}},"<ordinal> quarter":{"prior":0.0,"unseen":-1.9459101490553135,"likelihoods":{"quarter":-0.6931471805599453,"ordinals (first..31st)eyrek yÅl (grain)":-0.6931471805599453}},"Emek ve DayanÅéma Gªnª":{"prior":0.0,"unseen":-1.0986122886681098,"likelihoods":{"":0.0}},"intersect":{"prior":-0.5049259016388025,"unseen":-5.673323267171493,"likelihoods":{"<named-month> <day-of-month> (non ordinal)Cuma":-4.976733742420574,"Cuma<named-month> <day-of-month> (non ordinal)":-4.976733742420574,"Cumartesiat <time-of-day>":-4.57126863431241,"dayhour":-3.590439381300684,"<day-of-month> (non ordinal) <named-month>Cuma":-4.57126863431241,"monthday":-3.367295829986474,"monthyear":-4.57126863431241,"yearhour":-4.976733742420574,"intersectCuma":-3.7239707739252066,"Ekimintersect":-3.8781214537524646,"Peréembe<datetime> - <datetime> (interval)":-4.976733742420574,"Peréembe<time-of-day> - <time-of-day> (interval)":-4.283586561860629,"year<day-of-month> (ordinal)":-4.976733742420574,"intersectat <time-of-day>":-3.8781214537524646,"yearintersect":-4.57126863431241,"next <cycle>at <time-of-day>":-4.976733742420574,"intersectSalÅ":-4.57126863431241,"Cumaat <time-of-day>":-4.57126863431241,"<day-of-month> (non ordinal) <named-month>Cumartesi":-4.976733742420574,"<named-month> <day-of-month> (non ordinal)Pazartesi":-4.976733742420574,"Cumartesi<part-of-day> of <time>":-4.976733742420574,"<day-of-month> (non ordinal) <named-month>Pazartesi":-4.976733742420574,"yearKurban BayramÅ":-4.060443010546419,"dayday":-2.578838469622204,"<time> <part-of-day>at <time-of-day>":-4.976733742420574,"last <cycle>Pazar":-4.976733742420574,"hourhour":-4.976733742420574,"yearRamazan BayramÅ":-3.590439381300684,"dayyear":-3.367295829986474,"<day-of-month> (non ordinal) <named-month>intersect":-3.7239707739252066,"EOM|End of dayat <time-of-day>":-4.976733742420574,"<day-of-month> (non ordinal) <named-month>SalÅ":-4.976733742420574,"<day-of-month> (ordinal)\u000199aréamba":-4.976733742420574,"before yesterdayat <time-of-day>":-4.976733742420574,"Pazar<day-of-month> (non ordinal) <named-month>":-4.976733742420574,"YÅlbaéÅat <time-of-day>":-4.976733742420574,"at <time-of-day><day-of-month> (non ordinal) <named-month>":-4.976733742420574,"hh:mm<day-of-month> (non ordinal) <named-month>":-4.976733742420574,"hh:mmintersect":-4.283586561860629,"Ekim<day-of-month> (ordinal)":-4.57126863431241,"at <time-of-day>intersect":-4.283586561860629,"dayminute":-2.7254419438140793,"intersectyear":-4.57126863431241,"minuteday":-2.9618307218783095,"yearCuma":-4.57126863431241,"Ekimyear":-4.57126863431241,"<day-of-month> (ordinal)SalÅ":-4.57126863431241,"intersect<day-of-month> (ordinal)":-4.976733742420574,"intersectintersect":-4.060443010546419,"weekday":-4.57126863431241,"yearday":-2.8972922007407385,"Ramazan BayramÅyear":-4.976733742420574,"next <cycle>\u000199aréamba":-4.976733742420574,"tomorrowat <time-of-day>":-4.976733742420574,"<duration> henceat <time-of-day>":-4.976733742420574,"Peréembehh:mm":-4.976733742420574,"intersect\u000199aréamba":-4.283586561860629,"<named-month> <day-of-month> (non ordinal)year":-4.283586561860629,"minuteyear":-4.57126863431241,"<day-of-month> (non ordinal) <named-month>year":-3.8781214537524646,"yearminute":-4.976733742420574}},"yÅl (grain)":{"prior":0.0,"unseen":-2.639057329615259,"likelihoods":{"":0.0}},"after tomorrow":{"prior":0.0,"unseen":-1.6094379124341003,"likelihoods":{"":0.0}},"next <cycle>":{"prior":-0.1431008436406733,"unseen":-3.6109179126442243,"likelihoods":{"week":-1.791759469228055,"gªn (grain)":-2.890371757896165,"yÅl (grain)":-2.890371757896165,"hafta (grain)":-1.791759469228055,"day":-2.890371757896165,"quarter":-2.890371757896165,"year":-2.890371757896165,"eyrek yÅl (grain)":-2.890371757896165,"ay (grain)":-1.791759469228055,"month":-1.791759469228055}},"yyyy-mm-dd":{"prior":0.0,"unseen":-1.3862943611198906,"likelihoods":{"":0.0}},"year (latent)":{"prior":-1e+100,"unseen":-0.6931471805599453,"likelihoods":{}},"mm/dd/yyyy":{"prior":0.0,"unseen":-1.0986122886681098,"likelihoods":{"":0.0}},"yesterday":{"prior":-0.40546510810816444,"unseen":-1.3862943611198906,"likelihoods":{"":0.0}},"hafta (grain)":{"prior":-0.07696104113612832,"unseen":-3.295836866004329,"likelihoods":{"":0.0}},"Pazartesi":{"prior":0.0,"unseen":-1.9459101490553135,"likelihoods":{"":0.0}},"Nisan":{"prior":0.0,"unseen":-1.3862943611198906,"likelihoods":{"":0.0}},"nth <time> of <time>":{"prior":-0.6931471805599453,"unseen":-2.9444389791664407,"likelihoods":{"intersectordinals (first..31st)\u000199aréamba":-2.1972245773362196,"<day-of-month> (ordinal)ordinal (digits)year":-2.1972245773362196,"monthday":-1.5040773967762742,"dayyear":-2.1972245773362196,"Ekimordinals (first..31st)SalÅ":-1.791759469228055}},"saniye (grain)":{"prior":0.0,"unseen":-2.3025850929940455,"likelihoods":{"":0.0}},"Cumartesi":{"prior":0.0,"unseen":-1.9459101490553135,"likelihoods":{"":0.0}},"ordinals (first..31st)":{"prior":0.0,"unseen":-1.9459101490553135,"likelihoods":{"":0.0}},"Temmuz":{"prior":0.0,"unseen":-1.9459101490553135,"likelihoods":{"":0.0}},"<part-of-day> of <time>":{"prior":-0.40546510810816444,"unseen":-2.5649493574615367,"likelihoods":{"hourhour":-1.3862943611198906,"hourminute":-1.3862943611198906,"part of daysat <time-of-day>":-1.0986122886681098,"eveningat <time-of-day>":-1.791759469228055}},"EOY|End of year":{"prior":-1.6094379124341003,"unseen":-1.0986122886681098,"likelihoods":{"":0.0}},"now":{"prior":0.0,"unseen":-1.3862943611198906,"likelihoods":{"":0.0}},"this <part-of-day>":{"prior":0.0,"unseen":-2.0794415416798357,"likelihoods":{"hour":-0.8472978603872037,"evening":-1.252762968495368,"part of days":-1.252762968495368}},"<duration> hence":{"prior":-0.2411620568168881,"unseen":-3.4011973816621555,"likelihoods":{"week":-1.575536360758419,"day":-1.9810014688665833,"year":-2.268683541318364,"<integer> <unit-of-duration>":-0.8823891801984737,"month":-2.6741486494265287}},"numbers prefix with -, negative or minus":{"prior":-1e+100,"unseen":-0.6931471805599453,"likelihoods":{}},"tomorrow":{"prior":0.0,"unseen":-1.791759469228055,"likelihoods":{"":0.0}},"Zafer BayramÅ":{"prior":0.0,"unseen":-1.0986122886681098,"likelihoods":{"":0.0}},